,City,Lat,Lon,Max Temp,Humidity,Cloudiness,Wind Speed,Country,Date
0,khatanga,71.97,102.5,6.91,95,100,6.04,RU,1603473921
1,norman wells,65.28,-126.83,21.2,100,75,5.82,CA,1603473925
2,carnarvon,-24.87,113.63,69.8,64,0,14.99,AU,1603473928
3,hovd,48.01,91.64,37.45,69,100,0.51,MN,1603473931
4,ahipara,-35.17,173.17,58.15,93,59,5.77,NZ,1603473934
5,vanavara,60.34,102.28,27.3,97,80,5.97,RU,1603473937
6,hispania,5.8,-75.91,73.4,49,40,4.7,CO,1603473940
7,bengkulu,-3.8,102.27,78.03,83,100,3.96,ID,1603473943
8,waipawa,-41.41,175.52,57.2,67,35,14.99,NZ,1603473786
9,hornepayne,49.21,-84.77,33.35,89,100,10.94,CA,1603473950
10,makat,47.65,53.35,48.29,60,94,14.25,KZ,1603473953
11,victoria point,-27.58,153.3,73.0,78,99,3.0,AU,1603473956
12,angoche,-16.23,39.91,75.36,79,0,9.89,MZ,1603473959
13,sao filipe,14.9,-24.5,81.37,73,2,13.76,CV,1603473962
14,ambanja,-13.68,48.45,78.08,80,32,1.83,MG,1603473966
15,punta arenas,-53.15,-70.92,46.0,70,75,6.93,CL,1603473691
16,staryy nadym,65.61,72.68,16.59,97,85,10.27,RU,1603473972
17,puerto ayora,-0.74,-90.35,77.0,73,75,19.46,EC,1603473978
18,nikolskoye,59.7,30.79,48.2,87,90,13.42,RU,1603473981
19,oliva,38.92,-0.12,72.0,4,85,5.99,ES,1603473984
20,mount gambier,-37.83,140.77,48.2,76,100,10.29,AU,1603473987
21,busselton,-33.65,115.33,55.99,40,0,13.4,AU,1603473991
22,kaitangata,-46.28,169.85,48.81,93,93,3.85,NZ,1603473994
23,vaini,-21.2,-175.2,71.6,88,20,6.93,TO,1603473997
24,georgetown,5.41,100.34,80.6,83,20,3.36,MY,1603473827
25,kitui,-1.37,38.01,74.93,54,81,12.12,KE,1603474003
26,hermanus,-34.42,19.23,71.01,80,15,3.0,ZA,1603474006
27,port shepstone,-30.74,30.45,71.24,85,28,24.0,ZA,1603474009
28,ambilobe,-13.2,49.05,77.2,62,24,9.55,MG,1603474012
29,rikitea,-23.12,-134.97,73.81,79,39,4.61,PF,1603474016
30,pevek,69.7,170.31,26.91,95,5,13.56,RU,1603474022
31,port-gentil,-0.72,8.78,79.32,85,100,14.52,GA,1603474025
32,portobelo,9.55,-79.65,87.8,70,40,8.05,PA,1603474028
33,pacific grove,36.62,-121.92,64.99,72,40,5.82,US,1603474031
34,hobart,-42.88,147.33,54.0,87,90,2.53,AU,1603473915
35,bethel,41.37,-73.41,64.99,88,90,6.93,US,1603474038
36,klembivka,48.39,28.41,50.0,88,89,2.93,UA,1603474041
37,albany,42.6,-73.97,73.99,68,49,4.0,US,1603474017
38,sechura,-5.56,-80.82,74.86,56,18,13.13,PE,1603474047
39,new norfolk,-42.78,147.06,54.0,73,100,1.01,AU,1603474050
40,atuona,-9.8,-139.03,77.54,79,21,21.72,PF,1603474054
41,east london,-33.02,27.91,69.8,88,0,9.17,ZA,1603474057
42,arlit,18.74,7.39,91.29,10,0,20.15,NE,1603474060
43,ushuaia,-54.8,-68.3,48.2,57,40,4.7,AR,1603474040
44,selestat,48.26,7.46,59.0,93,100,2.24,FR,1603474066
45,narsaq,60.92,-46.05,28.4,74,75,2.19,GL,1603474069
46,mar del plata,-38.0,-57.56,62.6,82,75,8.05,AR,1603474072
47,mabaruma,8.2,-59.78,83.5,79,98,5.03,GY,1603474078
48,mataura,-46.19,168.86,45.36,91,86,3.33,NZ,1603474082
49,salinas,36.68,-121.66,64.99,77,90,3.36,US,1603473860
50,kapaa,22.08,-159.32,71.6,94,20,4.7,US,1603474088
51,opuwo,-18.06,13.84,85.26,23,80,10.58,NA,1603474091
52,mehamn,71.04,27.85,35.6,93,75,27.51,NO,1603474094
53,upernavik,72.79,-56.15,21.42,96,100,8.48,GL,1603474097
54,rio cuarto,-33.13,-64.35,62.6,93,90,17.22,AR,1603474100
55,chapais,49.78,-74.85,32.0,100,90,9.17,CA,1603474103
56,vegueta,-11.02,-77.64,67.5,69,72,9.82,PE,1603474107
57,tabuny,52.78,78.79,31.64,84,67,7.92,RU,1603474110
58,clyde river,70.47,-68.59,21.2,79,90,4.7,CA,1603474113
59,cape town,-33.93,18.42,66.99,88,40,9.17,ZA,1603474116
60,mae hong son,19.3,97.97,72.18,87,86,1.63,TH,1603474119
61,port elizabeth,-33.92,25.57,66.2,93,20,17.22,ZA,1603474122
62,jati,24.35,68.27,82.04,38,0,8.72,PK,1603474125
63,castro,-24.79,-50.01,76.82,56,49,5.86,BR,1603474128
64,torbay,47.67,-52.73,46.0,65,75,9.17,CA,1603474132
65,zheleznodorozhnyy,55.75,38.0,55.4,82,0,13.42,RU,1603474100
66,arvika,59.66,12.59,37.4,93,83,2.24,SE,1603474138
67,luderitz,-26.65,15.16,62.65,75,6,6.24,NA,1603474141
68,hamilton,39.18,-84.53,77.0,69,90,12.75,US,1603474144
69,ibirama,-27.06,-49.52,77.0,77,74,1.01,BR,1603473968
70,chadiza,-14.07,32.44,78.49,29,36,8.72,ZM,1603474150
71,tasiilaq,65.61,-37.64,35.6,51,75,12.75,GL,1603474153
72,tommot,58.96,126.29,14.02,91,44,2.17,RU,1603474157
73,avarua,-21.21,-159.78,73.4,78,94,14.99,CK,1603474160
74,touros,-5.2,-35.46,84.2,70,75,17.22,BR,1603474163
75,tiksi,71.69,128.87,17.74,97,100,8.16,RU,1603474166
76,bluff,-46.6,168.33,50.94,75,96,14.07,NZ,1603474169
77,fortuna,40.6,-124.16,52.0,81,1,4.34,US,1603474033
78,los llanos de aridane,28.66,-17.92,73.4,53,20,9.17,ES,1603474175
79,sayyan,15.17,44.32,58.78,30,1,8.86,YE,1603474178
80,hilo,19.73,-155.09,73.99,73,1,4.7,US,1603473933
81,alamosa,37.47,-105.87,55.4,22,1,0.89,US,1603474185
82,faanui,-16.48,-151.75,78.48,76,67,12.64,PF,1603474188
83,codrington,-38.27,141.97,51.44,84,100,14.03,AU,1603474191
84,san cristobal,7.77,-72.22,93.2,38,40,18.34,VE,1603473945
85,praia da vitoria,38.73,-27.07,69.8,100,40,11.32,PT,1603474197
86,kieta,-6.22,155.63,78.69,75,53,4.05,PG,1603474200
87,amahai,-3.33,128.92,78.66,86,46,2.01,ID,1603474203
88,goderich,43.75,-81.72,73.0,74,66,15.01,CA,1603474203
89,wageningen,51.97,5.67,57.99,100,40,4.7,NL,1603474210
90,pandan,14.05,124.17,80.15,82,84,3.74,PH,1603474213
91,chokurdakh,70.63,147.92,6.89,92,50,6.29,RU,1603474216
92,awjilah,29.11,21.29,70.65,57,38,13.11,LY,1603474219
93,saldanha,-33.01,17.94,64.4,72,23,4.7,ZA,1603474223
94,saint george,37.1,-113.58,63.0,22,1,2.46,US,1603473970
95,cravo norte,6.3,-70.2,83.88,70,98,3.06,CO,1603474232
96,jamestown,42.1,-79.24,73.99,56,1,14.99,US,1603474194
97,bredasdorp,-34.53,20.04,71.01,80,37,3.0,ZA,1603474238
98,mahebourg,-20.41,57.7,73.4,73,20,8.05,MU,1603474244
99,butaritari,3.07,172.79,81.59,75,93,12.97,KI,1603474248
100,nuuk,64.18,-51.72,30.2,68,75,9.17,GL,1603474251
101,lebanon,36.21,-86.29,80.6,61,20,12.75,US,1603474064
102,kirkkonummi,60.12,24.44,42.01,81,74,11.77,FI,1603474257
103,klaksvik,62.23,-6.59,46.4,93,99,9.17,FO,1603474261
104,cam ranh,11.92,109.16,82.4,74,40,8.05,VN,1603474264
105,renqiu,38.7,116.09,46.49,47,0,5.77,CN,1603474267
106,catuday,16.29,119.81,78.71,77,100,3.96,PH,1603474270
107,taltal,-25.4,-70.48,63.75,57,25,7.65,CL,1603474273
108,skibbereen,51.55,-9.27,46.4,87,40,9.17,IE,1603474276
109,berlevag,70.86,29.09,37.4,93,75,35.57,NO,1603474280
110,kruisfontein,-34.0,24.73,70.0,79,0,4.0,ZA,1603474283
111,hithadhoo,-0.6,73.08,82.72,77,6,11.99,MV,1603474266
112,cabo san lucas,22.89,-109.91,91.4,66,5,8.05,MX,1603474292
113,port alfred,-33.59,26.89,73.08,77,71,3.74,ZA,1603474295
114,ponta do sol,32.67,-17.1,69.8,60,40,10.29,PT,1603474301
115,tuktoyaktuk,69.45,-133.04,23.0,92,75,12.75,CA,1603474304
116,victoria,22.29,114.16,75.99,49,100,1.01,HK,1603474175
117,bathsheba,13.22,-59.52,87.8,70,40,24.16,BB,1603474311
118,beringovskiy,63.05,179.32,33.76,91,61,21.83,RU,1603474314
119,talcahuano,-36.72,-73.12,60.8,55,0,10.29,CL,1603474317
120,belawan,3.78,98.68,77.0,100,40,3.36,ID,1603474320
121,juba,4.85,31.58,74.03,88,98,4.47,SS,1603474323
122,tomatlan,19.93,-105.25,90.1,63,56,4.92,MX,1603474327
123,tandalti,13.02,31.87,93.78,17,0,2.75,SD,1603474333
124,araguaina,-7.19,-48.21,90.07,45,100,6.4,BR,1603474108
125,rio grande,-32.03,-52.1,78.01,75,100,9.46,BR,1603474181
126,gorin,51.2,136.67,31.8,98,100,23.73,RU,1603474342
127,taoudenni,22.68,-3.98,90.75,11,0,1.83,ML,1603474348
128,qaanaaq,77.48,-69.36,19.8,94,100,9.53,GL,1603474351
129,picton,-34.18,150.6,64.99,95,100,1.01,AU,1603474355
130,qui nhon,13.77,109.23,73.17,78,100,8.19,VN,1603474101
131,la ronge,55.1,-105.28,23.0,79,90,11.41,CA,1603474164
132,qaqortoq,60.72,-46.03,28.4,74,75,3.36,GL,1603474364
133,talnakh,69.49,88.4,-2.2,84,40,8.95,RU,1603474367
134,port hedland,-20.32,118.57,73.4,88,0,11.41,AU,1603474370
135,kavieng,-2.57,150.8,81.95,67,4,5.21,PG,1603474373
136,coahuayana,18.73,-103.68,82.4,74,75,3.49,MX,1603474377
137,warwick,41.7,-71.42,68.0,82,90,3.36,US,1603474378
138,shaki,41.08,47.17,59.0,87,0,3.44,AZ,1603474383
139,praia,14.92,-23.51,84.2,66,20,19.46,CV,1603474386
140,kodiak,57.79,-152.41,44.6,93,90,26.4,US,1603474389
141,champerico,14.3,-91.92,86.0,74,40,6.93,GT,1603474392
142,isangel,-19.55,169.27,74.7,84,93,9.66,VU,1603474396
143,kloulklubed,7.04,134.26,78.8,88,75,9.13,PW,1603474399
144,pangnirtung,66.15,-65.71,26.6,92,90,2.24,CA,1603474402
145,atambua,-9.11,124.89,75.97,83,65,2.21,ID,1603474405
146,thompson,55.74,-97.86,21.2,73,90,10.29,CA,1603474213
147,eunice,30.49,-92.42,79.0,78,90,4.59,US,1603474411
148,zaysan,47.47,84.87,42.69,65,100,5.59,KZ,1603474120
149,esperance,-33.87,121.9,55.4,93,90,3.36,AU,1603474402
150,lata,40.16,-8.33,63.0,68,43,4.0,PT,1603474421
151,rudsar,37.14,50.29,68.0,82,75,2.24,IR,1603474424
152,severo-kurilsk,50.68,156.12,45.7,84,100,23.69,RU,1603474428
153,olafsvik,64.89,-23.71,43.59,75,100,27.92,IS,1603474431
154,bow island,49.87,-111.37,17.01,72,90,3.36,CA,1603474434
155,riverton,40.52,-111.94,44.01,41,100,2.44,US,1603474438
156,port macquarie,-31.43,152.92,66.0,92,99,12.37,AU,1603474270
157,northam,51.03,-4.22,51.01,79,93,4.0,GB,1603474447
158,cidreira,-30.18,-50.21,69.84,84,100,15.97,BR,1603474451
159,inuvik,68.35,-133.72,28.4,92,90,2.24,CA,1603474454
160,srednekolymsk,67.45,153.68,14.29,90,17,2.53,RU,1603474457
161,saskylakh,71.92,114.08,20.52,97,100,7.47,RU,1603474458
162,williams lake,52.14,-122.14,24.8,92,90,5.82,CA,1603474463
163,sao jose da coroa grande,-8.9,-35.15,81.19,71,3,11.63,BR,1603474333
164,hay river,60.82,-115.8,21.2,100,75,11.41,CA,1603474470
165,san juan de uraba,8.76,-76.53,83.3,82,58,7.34,CO,1603474473
166,nouakchott,18.09,-15.98,91.4,41,100,14.99,MR,1603474431
167,omsukchan,62.53,155.8,20.21,88,35,5.82,RU,1603474479
168,fairbanks,64.84,-147.72,18.0,77,1,4.23,US,1603474275
169,tiznit,29.58,-9.5,64.85,64,98,4.9,MA,1603474489
170,ust-maya,60.42,134.53,9.37,94,25,1.45,RU,1603474493
171,bambous virieux,-20.34,57.76,73.4,73,20,8.05,MU,1603474422
172,tromso,69.65,18.96,35.6,89,75,6.93,NO,1603474266
173,kadoshkino,54.03,44.42,47.82,93,91,12.71,RU,1603474503
174,iqaluit,63.75,-68.51,30.2,80,90,5.82,CA,1603474379
175,arraial do cabo,-22.97,-42.03,78.8,61,0,17.22,BR,1603474509
176,havre-saint-pierre,50.23,-63.6,41.0,52,90,8.05,CA,1603474465
177,ilulissat,69.22,-51.1,23.0,67,75,4.7,GL,1603474354
178,sitka,57.05,-135.33,32.0,70,40,3.36,US,1603474519
179,sinnamary,5.38,-52.95,86.61,62,7,11.05,GF,1603474522
180,vanimo,-2.67,141.3,78.67,82,92,2.35,PG,1603474445
181,longyearbyen,78.22,15.64,17.6,78,20,3.36,SJ,1603474528
182,pundaguitan,6.37,126.17,81.59,79,100,10.22,PH,1603474532
183,dikson,73.51,80.55,23.36,94,100,14.36,RU,1603474535
184,akhtanizovskaya,45.32,37.1,62.6,67,75,8.95,RU,1603474538
185,marawi,8.0,124.29,73.99,93,91,4.0,PH,1603474474
186,boda,4.32,17.47,73.58,92,89,2.77,CF,1603474545
187,lebu,-37.62,-73.65,55.89,65,97,7.18,CL,1603474548
188,verkhnevilyuysk,63.45,120.32,33.12,93,91,11.25,RU,1603474440
189,deputatskiy,69.3,139.9,0.99,89,99,3.74,RU,1603474555
190,port hawkesbury,45.62,-61.35,55.0,50,1,9.17,CA,1603474493
191,farah,32.5,62.5,46.17,53,0,4.88,AF,1603474562
192,kismayo,-0.36,42.55,80.69,82,65,15.99,SO,1603474565
193,ossora,59.24,163.07,36.9,78,0,2.93,RU,1603474568
194,florianopolis,-27.61,-48.5,79.0,69,40,16.11,BR,1603474572
195,nathdwara,24.93,73.82,73.06,29,0,5.35,IN,1603474575
196,pushkinskiye gory,57.02,28.91,49.57,86,84,11.39,RU,1603474578
197,strezhevoy,60.73,77.59,15.8,92,20,4.47,RU,1603474582
198,north bend,43.41,-124.22,53.01,87,1,8.05,US,1603474442
199,vila franca do campo,37.72,-25.43,68.0,68,20,11.41,PT,1603474588
200,bonnyville,54.27,-110.73,19.4,73,90,3.36,CA,1603474515
201,santa cruz,-17.8,-63.17,96.8,41,75,14.99,BO,1603474594
202,sibenik,43.73,15.91,62.01,77,0,2.24,HR,1603474597
203,ostrovnoy,68.05,39.51,30.2,98,100,9.75,RU,1603474491
204,valparaiso,-33.04,-71.63,57.2,76,40,6.93,CL,1603474308
205,otjiwarongo,-20.46,16.65,79.63,16,97,7.52,NA,1603474607
206,sabang,5.89,95.32,82.92,75,98,9.15,ID,1603474610
207,hualmay,-11.1,-77.61,68.7,66,62,9.24,PE,1603474613
208,machilipatnam,16.17,81.13,80.6,78,20,6.17,IN,1603474617
209,matias romero,16.88,-95.03,85.86,57,35,9.15,MX,1603474620
210,fort frances,48.6,-93.4,34.0,59,90,6.93,CA,1603474446
211,kingsville,27.52,-97.86,88.0,66,40,3.36,US,1603474626
212,flinders,-34.58,150.86,66.99,92,100,1.01,AU,1603474475
213,zhifang,30.35,114.32,57.2,62,38,6.71,CN,1603474636
214,galveston,29.37,-94.97,86.0,70,40,9.17,US,1603474639
215,ubauro,28.17,69.73,73.18,18,0,5.82,PK,1603474642
216,syamzha,60.02,41.06,44.85,95,100,8.93,RU,1603474646
217,meulaboh,4.14,96.13,78.35,86,100,2.73,ID,1603474449
218,pochutla,15.74,-96.47,89.01,66,90,5.64,MX,1603474655
219,druzhba,52.04,33.95,53.91,71,100,9.91,UA,1603474658
220,najran,17.49,44.13,75.2,19,0,4.7,SA,1603474661
221,guiren,33.67,118.19,48.79,49,0,2.68,CN,1603474665
222,petukhovo,55.07,67.9,24.24,91,46,7.45,RU,1603474668
223,capaci,38.17,13.24,69.8,60,0,3.36,IT,1603474671
224,zhezkazgan,47.8,67.71,30.54,84,0,6.06,KZ,1603474674
225,sistranda,63.73,8.83,35.6,93,20,4.7,NO,1603474677
226,nhulunbuy,-12.23,136.77,78.8,83,45,6.93,AU,1603474681
227,manta,-0.95,-80.73,78.8,69,75,14.99,EC,1603474583
228,barrow,71.29,-156.79,32.0,98,90,8.05,US,1603474502
229,labuhan,-6.88,112.21,79.79,81,31,6.78,ID,1603474693
230,brasilia,-15.78,-47.93,78.8,61,75,6.93,BR,1603474426
231,port hardy,50.7,-127.42,41.0,93,90,26.4,CA,1603474641
232,cantaura,9.31,-64.36,87.67,58,41,9.93,VE,1603474703
233,samarai,-10.62,150.67,79.93,86,74,5.7,PG,1603474706
234,yellowknife,62.46,-114.35,21.99,92,40,6.93,CA,1603474709
235,barstow,34.9,-117.02,68.0,40,1,11.41,US,1603474712
236,mahon,39.89,4.27,68.0,77,0,5.82,ES,1603474719
237,nelson bay,-32.72,152.15,69.8,83,40,4.7,AU,1603474722
238,khasan,42.43,130.64,38.19,69,0,23.0,RU,1603474725
239,bandarbeyla,9.49,50.81,78.4,74,76,5.46,SO,1603474728
240,sabalgarh,26.25,77.4,77.36,32,0,3.33,IN,1603474731
241,manzhouli,49.6,117.43,28.0,92,0,2.42,CN,1603474734
242,aktau,43.65,51.2,51.8,76,0,2.24,KZ,1603474738
243,saint-philippe,-21.36,55.77,73.4,73,0,12.75,RE,1603474741
244,bonoua,5.27,-3.6,82.4,83,40,10.29,CI,1603474744
245,kirovskiy,45.09,133.51,31.14,92,62,15.61,RU,1603474747
246,mosquera,4.71,-74.23,68.0,42,40,13.87,CO,1603474686
247,cabedelo,-6.98,-34.83,86.0,66,75,17.22,BR,1603474754
248,burns lake,54.23,-125.75,22.05,91,100,6.67,CA,1603474757
249,hobyo,5.35,48.53,81.25,81,97,19.33,SO,1603474645
250,seymchan,62.88,152.43,23.2,89,69,4.12,RU,1603474764
251,souillac,-20.52,57.52,73.4,73,20,8.05,MU,1603474767
252,bejar,40.39,-5.76,55.4,62,40,5.82,ES,1603474770
253,chuy,-33.7,-53.46,71.8,79,97,4.74,UY,1603474773
254,wajid,3.81,43.25,84.72,57,99,1.32,SO,1603474776
255,kindia,10.06,-12.87,79.43,81,48,3.0,GN,1603474779
256,ontario,34.06,-117.65,70.0,72,90,3.36,US,1603474786
257,aklavik,68.22,-135.01,28.4,92,90,3.36,CA,1603474789
258,aleksandrov gay,50.15,48.57,52.93,85,96,8.97,RU,1603474792
259,wenzhou,28.0,120.67,57.92,53,0,4.16,CN,1603474795
260,ribeira grande,38.52,-28.7,69.8,68,40,16.11,PT,1603474808
261,bemidji,47.47,-94.88,28.4,79,75,14.99,US,1603474804
262,fenton,42.8,-83.7,73.4,69,75,12.75,US,1603474520
263,karachi,24.91,67.08,77.0,38,0,4.7,PK,1603474627
264,yinchuan,38.47,106.27,51.04,46,49,1.36,CN,1603474820
265,mahibadhoo,3.78,72.97,82.26,79,7,13.15,MV,1603474823
266,yulara,-25.24,130.99,62.6,63,0,13.87,AU,1603474826
267,constitucion,-35.33,-72.42,60.35,59,1,13.98,CL,1603474708
268,pastos bons,-6.6,-44.08,97.48,26,84,5.75,BR,1603474833
269,sudak,44.85,34.97,62.28,82,10,9.69,UA,1603474696
270,rawson,-43.3,-65.1,81.77,24,58,15.26,AR,1603474647
271,chamonix-mont-blanc,45.92,6.87,48.99,95,100,5.01,FR,1603474842
272,kurtamysh,54.91,64.43,24.31,88,0,5.48,RU,1603474845
273,hambantota,6.12,81.12,79.79,80,13,16.73,LK,1603474848
274,lorengau,-2.02,147.27,81.48,72,37,4.88,PG,1603474851
275,sirjan,29.45,55.68,52.7,39,0,11.77,IR,1603474855
276,owen sound,44.57,-80.94,71.01,77,90,18.34,CA,1603474733
277,beloha,-25.17,45.05,72.81,76,87,15.95,MG,1603474652
278,pascagoula,30.37,-88.56,87.8,62,75,12.75,US,1603474864
279,bonavista,48.65,-53.11,44.01,75,78,8.01,CA,1603474870
280,kalianget,-7.05,113.93,82.38,74,8,6.98,ID,1603474874
281,broome,42.25,-75.83,77.0,64,1,13.87,US,1603474877
282,rahatgarh,23.78,78.37,73.49,45,0,3.96,IN,1603474880
283,tugulym,57.06,64.64,24.8,73,75,4.47,RU,1603474884
284,belmonte,-15.86,-38.88,77.0,78,75,4.7,BR,1603474887
285,nome,64.5,-165.41,33.8,59,90,14.99,US,1603474821
286,cairns,-16.92,145.77,75.2,78,90,2.24,AU,1603474618
287,gat,31.61,34.76,78.01,71,0,5.12,IL,1603474625
288,coihaique,-45.58,-72.07,60.8,41,75,6.93,CL,1603474902
289,krasnaya polyana,56.24,51.14,38.05,93,100,13.04,RU,1603474906
290,luena,-11.78,19.92,69.1,62,80,1.68,AO,1603474909
291,alyangula,-13.85,136.42,82.4,74,69,10.29,AU,1603474912
292,morant bay,17.88,-76.41,77.0,94,75,3.36,JM,1603474827
293,lufilufi,-13.87,-171.6,77.0,94,75,4.7,WS,1603474919
294,richards bay,-28.78,32.04,69.82,81,0,10.07,ZA,1603474922
295,kingaroy,-26.53,151.83,64.99,93,75,6.93,AU,1603474925
296,tonj,7.27,28.68,74.95,83,99,2.8,SS,1603474928
297,hasaki,35.73,140.83,60.8,93,75,1.12,JP,1603474934
298,trairi,-3.28,-39.27,85.77,61,34,15.68,BR,1603474938
299,tres picos,15.87,-93.53,87.8,59,76,5.48,MX,1603474941
300,california city,35.13,-117.99,66.2,39,1,5.82,US,1603474944
301,geraldton,-28.77,114.6,60.8,67,0,8.05,AU,1603474654
302,tiarei,-17.53,-149.33,78.8,69,20,4.7,PF,1603474950
303,llangefni,53.26,-4.31,53.01,66,40,18.34,GB,1603474953
304,carballo,43.21,-8.69,60.01,72,20,14.99,ES,1603474957
305,pirai do sul,-24.53,-49.95,73.09,72,71,4.45,BR,1603474960
306,karratha,-20.74,116.85,67.73,66,0,14.61,AU,1603474964
307,inirida,3.87,-67.92,81.7,74,100,6.08,CO,1603474967
308,vestmanna,62.16,-7.17,46.4,93,83,9.17,FO,1603474974
309,ghanzi,-21.57,21.78,79.75,17,0,10.47,BW,1603474978
310,ratnagiri,16.98,73.3,78.75,87,96,5.14,IN,1603474981
311,baykit,61.67,96.37,24.51,96,84,2.75,RU,1603474987
312,ust-kuyga,70.02,135.6,8.91,89,100,7.09,RU,1603474994
313,sharan,54.82,54.0,37.27,93,100,15.84,RU,1603474997
314,wanaka,-44.7,169.15,43.23,67,28,4.41,NZ,1603474901
315,birjand,32.87,59.22,53.6,30,0,9.17,IR,1603474847
316,chulym,55.1,80.96,30.27,93,88,8.21,RU,1603475006
317,payo,-3.75,103.64,74.21,92,100,1.25,ID,1603475009
318,banda aceh,5.56,95.32,81.09,75,99,6.64,ID,1603474805
319,evensk,61.95,159.23,31.41,93,83,5.19,RU,1603475015
320,morondava,-20.28,44.28,77.54,84,13,10.94,MG,1603475019
321,chivilcoy,-34.9,-60.02,69.01,79,99,7.0,AR,1603475016
322,muravlenko,63.79,74.52,12.79,97,66,8.86,RU,1603475025
323,derzhavinsk,51.1,66.32,27.64,84,23,3.96,KZ,1603475032
324,mount isa,-20.73,139.5,68.0,94,6,4.7,AU,1603475035
325,tocache,-8.18,-76.51,97.45,28,100,0.63,PE,1603475038
326,nouadhibou,20.93,-17.03,75.88,68,99,22.5,MR,1603475042
327,puerto baquerizo moreno,-0.9,-89.6,75.2,78,75,13.87,EC,1603475045
328,san policarpo,12.18,125.51,78.21,87,100,7.52,PH,1603475058
329,cockburn town,21.46,-71.14,82.51,81,59,16.31,TC,1603475064
330,ushtobe,45.25,77.98,43.21,71,100,11.07,KZ,1603475067
331,saint-joseph,-21.37,55.62,73.4,73,0,10.29,RE,1603475070
332,lethem,3.38,-59.8,98.42,33,16,5.12,GY,1603475073
333,north augusta,33.5,-81.97,84.0,57,75,3.36,US,1603475076
334,el reno,35.53,-97.95,44.6,65,90,29.97,US,1603474958
335,toccoa,34.58,-83.33,77.0,61,90,3.36,US,1603475083
336,harper,4.38,-7.72,78.78,85,84,6.17,LR,1603475086
337,igrim,63.19,64.42,22.8,96,0,3.53,RU,1603475089
338,bosaso,11.28,49.18,79.25,65,2,5.01,SO,1603475092
339,suntar,62.14,117.63,30.45,94,98,10.22,RU,1603475095
340,clarence town,-32.58,151.78,69.8,83,40,4.7,AU,1603475099
341,coquimbo,-29.95,-71.34,55.4,82,90,10.29,CL,1603474924
342,curup,-3.47,102.53,68.2,89,100,1.01,ID,1603475105
343,inta,66.03,60.17,17.96,96,83,9.82,RU,1603475109
344,leningradskiy,69.38,178.42,23.31,90,0,4.65,RU,1603475116
345,rocha,-34.48,-54.33,71.15,79,99,3.13,UY,1603475119
346,orshanka,56.92,47.89,38.91,97,100,8.72,RU,1603475122
347,lensk,60.73,114.93,29.89,96,64,5.48,RU,1603475126
348,skibotn,69.39,20.27,39.2,80,75,18.34,NO,1603475129
349,standerton,-26.93,29.24,71.01,57,61,3.0,ZA,1603475132
350,reporoa,-38.43,176.35,57.99,97,90,0.76,NZ,1603474838
351,horsham,51.06,-0.33,55.4,82,40,8.05,GB,1603475139
352,sekoma,-24.4,23.88,85.32,19,8,5.77,BW,1603475142
353,bilibino,68.05,166.44,16.39,90,49,1.23,RU,1603475146
354,sun city west,33.66,-112.34,87.01,30,1,3.36,US,1603474882
355,formosa do rio preto,-11.05,-45.19,96.66,26,99,3.15,BR,1603475152
356,hofn,64.25,-15.21,42.8,93,90,19.46,IS,1603475155
357,lloret de mar,41.7,2.85,68.0,35,1,3.0,ES,1603475158
358,lima,-12.04,-77.03,66.2,72,90,6.93,PE,1603474958
359,wanning,18.8,110.4,72.86,62,100,16.35,CN,1603475168
360,rancho palos verdes,33.74,-118.39,69.01,68,90,5.82,US,1603475171
361,caravelas,-17.71,-39.25,78.08,75,89,6.17,BR,1603475178
362,galle,6.04,80.22,79.79,85,20,10.33,LK,1603475175
363,mitsamiouli,-11.38,43.28,80.08,75,92,5.68,KM,1603475184
364,saquena,-4.67,-73.52,83.95,77,89,3.85,PE,1603475188
365,kaeo,-35.1,173.78,60.01,96,63,4.18,NZ,1603475191
366,naujoji akmene,56.32,22.9,45.0,87,82,4.0,LT,1603475194
367,kandrian,-6.22,149.55,76.15,83,97,4.92,PG,1603475198
368,berdigestyakh,62.1,126.7,20.62,94,99,7.81,RU,1603475202
369,turukhansk,65.82,87.98,9.43,96,97,8.05,RU,1603475205
370,hohhot,40.81,111.65,28.4,50,0,4.47,CN,1603475150
371,kamenka,51.32,42.77,57.99,65,100,8.05,RU,1603475212
372,arman,59.7,150.17,36.55,86,100,9.17,RU,1603475215
373,provideniya,64.38,-173.3,33.37,92,100,13.56,RU,1603475218
374,airai,-8.93,125.41,61.99,100,87,0.36,TL,1603475221
375,necochea,-38.55,-58.74,66.0,74,71,4.0,AR,1603475225
376,kudat,6.88,116.85,78.8,83,20,4.7,MY,1603475228
377,saint anthony,45.02,-93.22,36.0,86,90,12.75,US,1603475232
378,biltine,14.53,20.92,89.08,12,0,9.4,TD,1603475238
379,kungalv,57.87,11.98,46.99,83,94,5.06,SE,1603475244
380,cherskiy,68.75,161.3,17.28,94,77,4.29,RU,1603475247
381,virginia beach,36.85,-75.98,73.99,73,75,5.82,US,1603475172
382,vao,-22.67,167.48,73.54,86,7,17.43,NC,1603475256
383,vyazemskiy,47.54,134.75,32.22,98,100,17.67,RU,1603475260
384,peniche,39.36,-9.38,62.01,77,7,3.0,PT,1603475263
385,naryan-mar,67.67,53.09,20.46,95,49,9.53,RU,1603475266
386,zavallya,48.21,30.02,58.03,45,75,4.92,UA,1603475269
387,talbahat,25.05,78.43,77.05,30,0,2.66,IN,1603475272
388,gambela,8.25,34.58,75.43,78,62,2.89,ET,1603475276
389,isfana,39.84,69.53,48.2,66,40,3.24,KG,1603475279
390,jalu,29.03,21.55,73.26,49,36,12.91,LY,1603475282
391,port blair,11.67,92.75,81.32,83,92,4.07,IN,1603475285
392,tutoia,-2.76,-42.27,84.63,68,34,16.13,BR,1603475288
393,shetpe,44.17,52.12,47.23,52,0,6.91,KZ,1603475291
394,pisco,-13.7,-76.22,68.0,72,20,11.41,PE,1603475294
395,ixtapa,20.7,-105.2,87.8,70,5,3.36,MX,1603475112
396,batemans bay,-35.72,150.18,64.0,93,100,4.52,AU,1603475301
397,la asuncion,11.03,-63.86,78.8,83,78,18.34,VE,1603475083
398,auki,-8.77,160.7,76.98,82,68,3.89,SB,1603475307
399,alice springs,-23.7,133.88,64.4,55,0,5.82,AU,1603475310
400,plettenberg bay,-34.05,23.37,65.25,92,30,6.11,ZA,1603475313
401,fez,34.04,-5.0,64.4,77,40,3.36,MA,1603475316
402,villarrobledo,39.27,-2.6,54.0,74,8,5.01,ES,1603475323
403,hendek,40.8,30.75,57.2,100,0,2.04,TR,1603475326
404,boden,65.83,21.69,26.6,92,0,4.7,SE,1603475329
405,salalah,17.02,54.09,80.6,39,0,6.93,OM,1603475137
406,yumen,40.28,97.2,39.15,59,11,6.58,CN,1603475335
407,tura,25.52,90.22,69.98,99,100,4.97,IN,1603475338
408,bac lieu,9.29,105.72,77.27,85,100,1.7,VN,1603475123
409,byron bay,-28.65,153.62,69.8,83,40,10.29,AU,1603475345
410,lompoc,34.64,-120.46,64.4,77,90,3.36,US,1603475049
411,roald,62.58,6.13,41.0,60,75,11.41,NO,1603475351
412,ilanskiy,56.24,96.06,35.33,86,100,5.84,RU,1603475354
413,alexandria,31.22,29.96,75.2,69,40,8.05,EG,1603475357
414,seryshevo,51.09,128.38,27.7,90,0,14.99,RU,1603475360
415,ketchikan,55.34,-131.65,39.2,44,1,5.82,US,1603475364
416,lagoa,39.05,-27.98,66.02,76,42,19.28,PT,1603475367
417,belturbet,54.1,-7.45,48.99,77,82,4.0,IE,1603475356
418,guerrero negro,27.98,-114.06,73.22,58,37,10.98,MX,1603475373
419,krasnoselkup,65.7,82.47,14.58,97,88,8.41,RU,1603475376
420,makakilo city,21.35,-158.09,78.8,78,90,8.05,US,1603475157
421,orapa,-21.28,25.37,84.9,19,0,9.93,BW,1603475382
422,orchard homes,46.86,-114.05,28.99,85,90,3.36,US,1603475385
423,te anau,-45.42,167.72,46.65,85,87,5.03,NZ,1603475389
424,rio gallegos,-51.62,-69.22,51.8,71,40,6.93,AR,1603475145
425,galesong,-5.32,119.37,77.0,94,20,1.12,ID,1603475395
426,glace bay,46.2,-59.96,51.01,57,40,8.05,CA,1603475398
427,kyren,51.68,102.14,36.0,78,48,1.43,RU,1603475402
428,gornyy,55.12,83.91,29.8,93,49,7.96,RU,1603475406
429,amapa,1.0,-52.0,99.48,27,1,5.41,BR,1603475409
430,russell,32.35,-85.2,82.4,65,40,4.7,US,1603475412
431,florin,38.5,-121.41,66.99,23,1,10.29,US,1603475415
432,noumea,-22.28,166.46,77.0,73,0,4.7,NC,1603475127
433,ca mau,9.18,105.15,75.15,92,100,0.72,VN,1603475421
434,tuatapere,-46.13,167.68,49.15,76,91,8.77,NZ,1603475424
435,mezen,65.85,44.24,28.04,98,100,11.92,RU,1603475428
436,krasnoarmeysk,51.02,45.7,55.0,65,100,9.15,RU,1603475158
437,sikasso,10.92,-7.0,84.29,45,3,3.44,ML,1603475434
438,tari,12.41,4.49,84.81,18,0,4.21,NG,1603475437
439,kupang,-10.17,123.58,79.14,81,77,5.01,ID,1603475440
440,tahe,52.33,124.73,22.28,94,0,3.74,CN,1603475443
441,simao,22.79,100.97,57.31,72,100,2.3,CN,1603475446
442,kulhudhuffushi,6.62,73.07,82.42,77,43,14.27,MV,1603475449
443,rincon,32.3,-81.24,80.01,78,75,5.82,US,1603475453
444,anadyr,64.75,177.48,24.8,100,75,4.47,RU,1603475456
445,walvis bay,-22.96,14.51,64.4,68,0,8.05,NA,1603475459
446,sibolga,1.74,98.78,78.15,80,100,3.47,ID,1603475462
447,plainview,40.78,-73.47,69.01,82,90,6.93,US,1603475465
448,asyut,27.18,31.18,84.2,39,0,10.29,EG,1603475468
449,male,4.17,73.51,82.4,83,75,13.87,MV,1603475471
450,sangar,63.92,127.47,18.61,95,100,18.21,RU,1603475475
451,ivanava,52.15,25.54,53.73,82,100,8.63,BY,1603475478
452,hinche,19.15,-72.02,89.6,62,20,12.75,HT,1603475481
453,riohacha,11.54,-72.91,90.48,63,46,8.1,CO,1603475354
454,boguchany,58.38,97.45,32.97,92,99,6.11,RU,1603475487
455,trelew,-43.25,-65.31,87.58,15,40,10.74,AR,1603475490
456,stornoway,58.21,-6.39,44.6,87,40,8.05,GB,1603475493
457,lavrentiya,65.58,-171.0,33.78,90,82,10.02,RU,1603475497
458,lazaro cardenas,17.96,-102.2,86.97,65,39,4.5,MX,1603475500
459,haines junction,60.75,-137.51,18.97,85,5,1.41,CA,1603475503
460,mana,5.66,-53.78,86.29,66,31,11.12,GF,1603475506
461,bol,13.46,14.71,88.34,36,80,13.67,TD,1603475509
462,naron,43.52,-8.15,60.01,77,20,11.41,ES,1603475512
463,griffith,41.53,-87.42,50.0,100,90,10.29,US,1603475511
464,tezu,27.92,96.17,69.55,87,100,3.22,IN,1603475518
465,sorgun,39.81,35.19,61.81,37,0,5.53,TR,1603475352
466,shanghai,31.22,121.46,57.0,66,0,8.95,CN,1603475269
467,korla,41.76,86.15,50.05,40,0,5.99,CN,1603475531
468,chama,47.18,8.46,55.99,100,90,5.99,CH,1603475534
469,kuah,6.33,99.84,78.8,88,20,2.24,MY,1603475540
470,ancud,-41.87,-73.82,57.99,71,75,12.75,CL,1603475544
471,port lincoln,-34.73,135.87,55.47,69,66,15.66,AU,1603475547
472,yambio,4.57,28.4,70.57,94,88,0.58,SS,1603475550
473,chernyshevskiy,63.01,112.47,21.31,96,45,7.63,RU,1603475553
474,panguna,-6.32,155.48,67.69,95,52,1.05,PG,1603475556
475,djenne,13.91,-4.55,93.52,12,0,7.43,ML,1603475559
476,shush,32.19,48.24,70.77,20,0,4.03,IR,1603475566
477,lodja,-3.48,23.43,72.86,93,56,1.68,CD,1603475569
478,hervey bay,-25.3,152.85,73.99,78,40,8.05,AU,1603475572
479,tigil,57.8,158.67,31.95,95,0,2.1,RU,1603475575
480,hope,33.67,-93.59,78.01,68,94,1.99,US,1603475578
481,ystad,55.43,13.82,51.8,87,75,9.17,SE,1603475581
482,along,28.17,94.77,65.3,90,100,1.21,IN,1603475588
483,naze,28.37,129.48,69.8,60,40,17.22,JP,1603475591
484,namibe,-15.2,12.15,69.71,83,83,11.74,AO,1603475594
485,ust-nera,64.57,143.2,21.38,92,96,2.3,RU,1603475597
486,brejo da madre de deus,-8.15,-36.37,86.67,40,32,15.14,BR,1603475601
487,krotoszyn,51.7,17.44,60.01,96,100,5.39,PL,1603475604
488,nanning,22.82,108.32,60.8,77,100,2.24,CN,1603475475
489,vestmannaeyjar,63.44,-20.27,44.6,81,75,21.92,IS,1603475611
490,san patricio,28.02,-97.52,87.8,62,75,3.36,US,1603475614
491,tessalit,20.2,1.01,91.33,11,0,12.1,ML,1603475617
492,katsuura,35.13,140.3,64.4,59,75,19.46,JP,1603475620
493,shyryayeve,47.38,30.2,58.35,45,60,4.92,UA,1603475623
494,estelle,29.85,-90.11,84.2,74,75,12.75,US,1603475412
495,dalby,-27.18,151.27,68.0,76,100,1.99,AU,1603475629
496,asosa,10.07,34.53,63.59,91,73,3.62,ET,1603475632
497,miranda de ebro,42.69,-2.95,54.0,87,75,4.7,ES,1603475636
498,brae,60.4,-1.35,48.2,81,40,16.11,GB,1603475452
499,aripuana,-9.17,-60.63,96.33,39,100,0.47,BR,1603475642
500,wembley,-31.93,115.8,61.0,51,0,24.16,AU,1603475645
501,mildura,-34.2,142.15,61.0,100,90,9.17,AU,1603475648
502,kununurra,-15.77,128.73,82.4,74,87,6.93,AU,1603475651
503,abu samrah,35.3,37.18,72.12,22,0,6.87,SY,1603475654
504,waingapu,-9.66,120.26,79.74,76,87,3.49,ID,1603475657
505,penzance,50.12,-5.54,53.6,76,20,11.41,GB,1603475661
506,gravelbourg,49.88,-106.55,15.78,89,0,4.76,CA,1603475664
507,junction city,39.03,-96.83,41.0,65,90,13.87,US,1603475667
508,puerto pailas,-17.67,-62.79,96.8,44,40,11.41,BO,1603475670
509,lerwick,60.15,-1.15,48.2,81,40,16.11,GB,1603475673
510,bilma,18.69,12.92,83.3,16,0,5.68,NE,1603475676
511,salym,60.06,71.48,17.17,96,41,3.58,RU,1603475679
512,dauphin,51.15,-100.05,23.0,79,75,18.34,CA,1603475682
513,petropavlovsk-kamchatskiy,53.05,158.65,35.6,74,75,6.71,RU,1603475686
514,sovetskiy,61.36,63.58,23.23,96,0,4.07,RU,1603475689
515,tamasopo,21.93,-99.48,83.12,41,2,0.98,MX,1603475692
516,nioro,13.35,-15.75,91.53,42,1,2.51,GM,1603475695
517,pitimbu,-7.47,-34.81,86.0,66,75,17.22,BR,1603475698
518,da nang,16.07,108.22,71.6,73,40,1.12,VN,1603475701
519,condega,13.37,-86.4,73.4,100,40,0.94,NI,1603475705
520,waw,7.7,28.0,75.97,83,86,3.15,SS,1603475708
521,yerbogachen,61.28,108.01,26.28,97,74,4.97,RU,1603475711
522,newcastle,-32.93,151.78,69.8,83,40,3.36,AU,1603475714
523,akcaabat,41.02,39.57,66.2,77,20,6.93,TR,1603475717
524,sumkino,58.11,68.32,24.57,93,47,5.91,RU,1603475723
525,limoges,45.75,1.33,53.6,93,75,8.05,FR,1603475726
526,half moon bay,37.46,-122.43,66.0,72,1,4.41,US,1603475730
527,adigeni,41.68,42.7,55.4,76,0,4.7,GE,1603475733
528,ponta delgada,37.73,-25.67,68.0,68,20,12.75,PT,1603475589
529,rafaela,-31.25,-61.49,77.0,62,94,4.0,AR,1603475739
530,husavik,66.04,-17.34,42.8,70,75,5.82,IS,1603475742
531,bondo,3.81,23.69,71.91,91,71,1.25,CD,1603475745
532,san quintin,30.48,-115.95,68.81,62,82,7.65,MX,1603475748
533,vuktyl,63.86,57.31,18.37,94,38,7.81,RU,1603475752
534,saint-pierre,-21.34,55.48,73.4,73,0,10.29,RE,1603475755
535,doha,25.29,51.53,84.2,58,0,5.82,QA,1603475580
536,royan,45.63,-1.03,59.0,87,75,10.29,FR,1603475764
537,kangaatsiaq,68.31,-53.46,26.06,95,98,3.36,GL,1603475640
538,thunder bay,48.4,-89.32,36.0,59,90,8.05,CA,1603475770
539,ati,13.22,18.34,92.35,11,30,8.34,TD,1603475773
540,yeppoon,-23.13,150.73,71.6,83,99,5.88,AU,1603475776
541,kautokeino,69.01,23.04,27.18,96,100,13.49,NO,1603475780
542,puerto maldonado,-12.6,-69.18,91.4,52,20,8.05,PE,1603475783
543,dubbo,-32.25,148.62,64.4,88,90,3.36,AU,1603475786
544,kodinsk,58.69,99.18,29.46,97,76,4.41,RU,1603475789
545,koudougou,12.25,-2.37,89.35,20,20,7.47,BF,1603475796
546,yar-sale,66.83,70.83,17.92,93,57,8.21,RU,1603475799
547,oistins,13.07,-59.53,87.8,70,40,24.16,BB,1603475526
548,loudeac,48.18,-2.75,57.0,87,90,8.05,FR,1603475805
549,surgut,61.25,73.42,19.4,100,90,6.71,RU,1603475808
550,kenai,60.55,-151.26,37.99,64,90,9.17,US,1603475811
551,kopervik,59.28,5.31,48.99,87,75,11.41,NO,1603475814
552,black river,18.03,-77.85,84.2,74,40,8.05,JM,1603475817
553,waverly,42.74,-84.62,70.0,77,90,13.87,US,1603475757
554,kapit,2.02,112.93,73.71,95,100,1.54,MY,1603475824
555,lyaskelya,61.77,31.02,41.59,88,100,13.04,RU,1603475827
556,buncrana,55.13,-7.45,48.2,76,20,9.17,IE,1603475830
557,nicoya,10.15,-85.45,82.4,83,75,8.05,CR,1603475833
558,pangoa,-12.12,-73.0,91.89,35,86,6.13,PE,1603475836
559,ayan,56.45,138.17,33.21,86,100,17.47,RU,1603475840
560,broken hill,-31.95,141.43,60.8,93,90,14.99,AU,1603475598
561,oranjemund,-28.55,16.43,60.64,82,10,1.16,NA,1603475846
562,sault sainte marie,46.52,-84.33,39.2,86,90,6.93,CA,1603475849
563,saint-francois,46.42,3.91,53.6,93,0,6.78,FR,1603475852
